feature,coefficient
FullBath,30014.32410895662
GrLivArea,104.02630701226447
BedroomAbvGr,-26655.16535734127
