metric,value
RMSE,52975.717713381215
R2,0.6341189942328374
